,Hs_Spec,Tm_Spec,Tp_Spec,Dir_Spec,Spr_Spec
1979-01-01 09:00:00,1.4889188080039524,4.725803196936052,5.017375547110944,341.88336950304813,36.029659062121695
1979-02-03 12:00:00,2.392459056879216,12.417261930131813,18.085142450449506,291.0720203442742,16.541755936898706
1979-03-08 15:00:00,3.065268707878617,11.80688979916287,13.131415112394095,306.2798328739804,10.306876170824532
1979-04-08 14:00:00,1.3703817549086756,7.97968317218628,9.479423053049448,310.7506508806704,12.754024350989969
1979-05-03 14:00:00,2.1368059487806437,9.038049446940612,9.520647957331429,307.4030242326605,18.989316512605765
1979-05-28 14:00:00,1.1778864709938757,7.656111418500888,8.993830008483775,291.90156179829967,10.412319625920299
1979-06-22 14:00:00,0.9284191579227475,6.015371419100843,4.866997972321413,311.29041604657766,28.72663300047113
1979-07-17 14:00:00,0.7805903712641022,5.42896703621643,8.081302625195567,318.3706231688446,33.39879264722563
1979-08-11 14:00:00,1.468631108696563,8.274491209140264,8.774217909196999,300.367719536481,15.526873181040562
1979-09-05 14:00:00,0.8814024612464988,6.193494554568805,8.08229700225951,329.3250611484399,37.23626605098321
1979-09-30 14:00:00,0.7502941220009826,9.69809448611375,9.866523493738091,301.11062807195225,11.545596161276446
1979-11-02 15:00:00,3.0335331741761276,12.129065195330595,13.52092208697268,308.19464907051633,10.786016610579543
1979-12-06 09:00:00,2.3339867581108433,11.46861737389902,12.016311231386084,298.4273547227293,16.742717303334437
1980-01-08 12:00:00,3.448295493284761,14.12057356492762,16.88481543666297,296.72312575555435,11.924960460574956
1980-02-10 15:00:00,2.781049297701129,11.372557824065236,12.351967772724601,296.1983575461196,14.099328182688874
1980-03-15 09:00:00,2.719704176637672,11.77851139508841,12.549793706658097,311.4249728396586,17.458160524834597
1980-04-13 11:00:00,0.7124182052663841,8.568558946056378,10.0905817419402,304.697681998435,9.235682597021828
1980-05-08 11:00:00,2.046033639019254,7.42177687327867,8.68249690211801,291.4768382629542,14.321516521814212
1980-06-02 11:00:00,1.2814099193033026,8.316491247009866,9.81688976297647,299.52106745471383,16.41709836943957
1980-06-27 11:00:00,1.7302523720993201,8.764718215547996,9.070445185711986,304.54781827510914,19.751469219506994
1980-07-22 11:00:00,1.1294087490396008,5.855690346658194,8.684237434185418,328.3846488162392,41.38753858683152
1980-08-16 11:00:00,2.013170112134673,10.563898462577313,10.97957128197816,292.37702110592244,11.365485742684859
1980-09-10 11:00:00,1.5627978962474647,9.00955560659409,9.6602715150789,301.22543933176075,12.842551964457368
1980-10-06 15:00:00,1.5701833109018375,10.840331993549604,11.518176332003119,306.83326778411765,8.556068342939755
1980-11-09 09:00:00,1.3581754781991704,5.544506521886634,4.54911295756183,327.9945432421739,34.394921817017774
1980-12-12 12:00:00,1.3416014952340116,9.233627875153545,11.224787581044618,287.2572812793774,16.221070397171616
1981-01-14 15:00:00,3.2345407882621666,6.265755368781415,7.217678610568194,307.22295916256866,20.547919187843927
1981-02-17 09:00:00,2.456900234034498,10.979965386310312,14.5522087409755,312.21315040571824,16.021335534364052
1981-03-22 12:00:00,5.294574431387908,12.499668838150459,14.6913355262502,294.8588951906467,13.249162240809842
1981-04-18 17:00:00,1.4851006398478577,6.626505040748645,5.7747272514267465,330.9185713224455,35.744519559724786
1981-05-13 17:00:00,1.8002392180133808,7.558247106880713,7.425505283558654,303.06975018943945,19.182955150643195
1981-06-07 17:00:00,2.1056339570329996,10.570999522669478,11.68379841697969,296.59274187296126,12.391538720245142
1981-07-02 17:00:00,1.6628624449085823,7.904498799725847,10.000775730906922,308.4632930872603,9.715007654632284
1981-07-27 17:00:00,1.1220518411827112,7.444149426477219,8.785527416333176,297.4770958735963,17.37016863611731
1981-08-21 17:00:00,2.124027755768568,10.287292057033968,10.632207482561233,314.3138277070072,18.216049316772196
1981-09-15 17:00:00,1.372635999404205,9.528979803708534,9.893665903819961,293.1224569500018,11.708653857287505
1981-10-14 09:00:00,2.248941588525011,8.929260912490903,9.193550131481071,294.36701387398614,15.088123588464804
1981-11-16 12:00:00,1.028202972715913,9.593531331528258,12.077288207035659,300.6780678152616,15.598311070174121
1981-12-19 15:00:00,2.131840396611539,8.358186014431833,10.995039243824282,314.8968226553083,30.86397004207048
1982-01-22 09:00:00,2.9947652935718483,10.112771071345614,14.52863561683622,296.44019613581037,12.55833589734661
1982-02-24 12:00:00,2.1586471805156635,10.161556228508175,11.750532930756831,302.99853872234144,14.304948280677118
1982-03-29 15:00:00,1.3269656083470112,7.868112146641581,10.943210315623622,306.2955697160781,21.8423208587614
1982-04-24 11:00:00,2.9488077751091173,8.988434445490112,14.420057173855351,325.9131371609086,27.547823123609138
1982-05-19 11:00:00,0.9545369219799212,8.242518075448547,9.034729098023499,297.36041005211337,10.809186465182945
1982-06-13 11:00:00,2.84270433603351,7.574663973055903,8.877633193910766,298.32069350535363,17.319387165217123
1982-07-08 11:00:00,1.0344006943897046,6.889260010404206,9.56776250612405,308.2859855783507,34.34516586024423
1982-08-02 11:00:00,1.2516242718610193,7.344725832531038,8.601933377420728,304.69165164761466,21.279721916254278
1982-08-27 11:00:00,2.692035975205483,10.714782764786849,11.70391852455418,304.9940936838048,14.059156778339679
1982-09-21 11:00:00,1.7843097857948476,9.181471378522,10.874782025070692,299.1521902012225,14.24445260307368
1982-10-21 12:00:00,3.125442602099217,13.652335366001733,15.360115844020378,304.8505349666955,10.230943744534475
1982-11-23 15:00:00,2.9903318491607718,9.638567639447675,12.536934602869247,305.29557417967226,33.17762342588866
1982-12-27 09:00:00,2.462964415106795,12.208461712745342,11.826246653774868,299.8857567079176,12.668133926048018
1983-01-29 12:00:00,2.825052103001938,10.949691974319357,11.598769328647169,300.2043689475774,15.11329028367015
1983-03-03 15:00:00,2.51104529575013,10.54878788410836,15.621069745128949,297.3636464965885,33.69464106335913
1983-04-04 17:00:00,2.9573200584422485,6.8267742436407834,7.94066505254017,302.1532290460687,19.892489773645753
1983-04-29 17:00:00,0.9321665097781111,6.697272669509081,7.686187721765663,293.5922312290872,15.801018985961925
1983-05-24 17:00:00,1.9359135418772588,8.920056924391442,9.251938490090948,303.0729770411114,19.128291290447542
1983-06-18 17:00:00,1.2151912064591281,5.213306009309903,5.1431578312928465,353.9345389311407,32.83038737347206
1983-07-13 17:00:00,0.5988191476144088,6.639395767677104,9.049554602045989,297.90806823369206,15.272881616032402
1983-08-07 17:00:00,1.348147416743736,6.1189267182754,5.654431988561469,348.9974156454458,36.335164816099564
1983-09-01 17:00:00,1.511685685030322,5.174252071552206,5.793771443443247,296.4929906461725,17.243016111600046
1983-09-26 17:00:00,0.36214724510792007,7.030707677863556,8.599262003575316,291.9513666295995,17.293686002318676
1983-10-28 15:00:00,0.9000110711309909,6.4921054106399305,10.103785626453309,306.67601720332476,34.84891811243233
1983-12-01 09:00:00,1.7943441247318979,8.340567168635701,14.393016449688265,313.3020199479613,42.91401926532855
1984-01-03 12:00:00,6.22295937961616,12.295086953977167,14.582565147211449,305.6500621340268,16.132718539709522
1984-02-05 15:00:00,3.7315281428574965,12.76758569395108,13.467772954036063,301.9877200708052,15.43458607914434
1984-03-10 09:00:00,1.481094239676146,5.6379441341007155,5.744141932144302,4.600048527012291,25.741817140556638
1984-04-09 14:00:00,1.2858791497111048,5.779021408002403,5.150198537656067,354.1386698920883,39.0000698793336
1984-05-04 14:00:00,1.1399823747598339,7.084536487013254,8.268630057103548,302.0768644956521,19.195087912432818
1984-05-29 14:00:00,0.8811421219054545,7.000366664747148,7.149651499853839,302.4764720224212,20.183054050171187
1984-06-23 14:00:00,1.8399240583709124,9.632013119930267,9.986615884400921,305.74691968297657,11.997578782231933
1984-07-18 14:00:00,1.1908454085532392,5.961205090044682,4.377478247687146,333.41022434830313,42.41365613833856
1984-08-12 14:00:00,0.6460234549302626,8.252761974002466,8.946454891626308,300.39792710049625,11.907537362798376
1984-09-06 14:00:00,1.203235662496851,6.648530470380211,6.839557103049534,326.49028604083975,26.958653299479227
1984-10-01 15:00:00,4.391012035349785,8.089556907974275,9.516739468570686,293.5883664321761,15.185974425221929
1984-11-04 09:00:00,1.1022002186609918,9.629778991349761,10.625669772510884,299.3727822921625,10.630894917810426
1984-12-07 12:00:00,2.759095506082571,11.781329997152739,14.052349365140845,307.6123962234106,18.32404122604537
1985-01-09 15:00:00,2.2625003255893748,7.134349781271444,7.24521008823392,321.68205743152663,27.326726249072852
1985-02-12 09:00:00,3.8948972384867875,11.727111335987104,12.86313925520925,292.1647339124142,13.372878638847034
1985-03-17 12:00:00,4.03149666796036,7.437952437398198,8.699359403417967,309.91657434187596,21.414267825300417
1985-04-15 08:00:00,3.5810402664044876,11.479907859343658,12.786994145805435,307.1359374572942,15.050267245040951
1985-05-10 08:00:00,2.234571235739058,7.96911741005053,7.333226344222193,305.65718130509583,20.203251758140976
1985-06-04 08:00:00,0.6845690885803755,6.633569443840453,8.910466359702204,298.96615310286364,22.37192160992753
1985-06-29 08:00:00,0.6189992918978191,6.566745759608592,7.315647064657977,301.8362429913283,19.999209615116342
1985-07-24 08:00:00,1.6768762165014672,8.44612359957352,11.287893234563013,303.6554589960875,25.98136600856613
1985-08-18 08:00:00,1.1516938700630923,7.617615794096307,11.483719270564631,302.24406331850133,34.22911175410029
1985-09-12 08:00:00,1.2248261613560247,10.722613420328234,11.367455391705121,296.44297755141315,14.018943852095456
1985-10-09 09:00:00,3.0627106711237544,10.71293149860626,11.86875820822497,301.74795392800775,15.850774894392016
1985-11-11 12:00:00,2.229394767160867,7.727282746429532,10.60130213726023,316.5188118310021,30.824472557622776
1985-12-14 15:00:00,1.732284687637589,8.853315329322738,11.716762935958812,296.6853405259252,24.597887482967465
1986-01-17 09:00:00,2.2507532689486514,10.666900409778506,11.712657470552925,300.4347991149072,19.256263840680802
1986-02-19 12:00:00,2.724041176551079,8.721144284523719,12.501586229389318,311.9797619163653,24.55497246554817
1986-03-24 15:00:00,7.908205879102534,11.58580741906226,13.72668111124791,301.453253793153,16.519078167160714
1986-04-20 14:00:00,2.512311579915482,8.869823229323572,8.820604944457227,301.48858003649127,16.092804893231865
1986-05-15 14:00:00,1.9666516760574695,8.842331295072155,9.279251363763793,293.5898927670219,12.324394508788739
1986-06-09 14:00:00,1.3369619046751289,8.717330197825431,10.953303403535257,297.9053817459718,17.98934579861244
1986-07-04 14:00:00,0.7801921388438945,5.833558031680605,7.5327215667197045,308.55025109392227,34.004888445486635
1986-07-29 14:00:00,1.7994777977772651,9.243312323863137,9.822591115730745,295.26336710725485,10.79063085179156
1986-08-23 14:00:00,2.2334310812917124,8.056235325162916,9.483789841308102,298.2822640331015,16.56893593011924
1986-09-17 14:00:00,1.8766467422968476,6.641002852858604,7.68965388706085,317.8763541065058,22.3518697417995
1986-10-16 12:00:00,2.9751681974284563,12.457010957609198,14.546681912090117,307.8188700693852,13.832341310285932
1986-11-18 15:00:00,5.559234255137779,14.330596458594728,17.033935981987188,304.6109668929521,11.415469281942292
1986-12-22 09:00:00,2.2608417729929147,9.875801332629138,10.327370261795041,317.5710885279393,22.805950359875027
1987-01-24 12:00:00,1.4272194251998014,7.187749768550427,16.778394497420777,326.89622775291394,46.78797081371582
1987-02-26 15:00:00,1.914891759500084,11.13175788299388,13.963562467942888,289.79897211135386,20.422848609732117
1987-04-01 08:00:00,1.7047193227955504,9.958973068424953,11.815181939839121,299.33441284971195,12.821461889602098
1987-04-26 08:00:00,2.0611703338977527,10.550546613107661,13.944514813321405,299.50860222134776,11.572712775174239
1987-05-21 08:00:00,1.315372550607375,5.544743245254496,5.091444584058736,343.78782956285215,35.65174910080589
1987-06-15 08:00:00,1.5051151241208678,5.2925605555574435,5.953691746139948,289.3564477817124,14.093020328632296
1987-07-10 08:00:00,0.8337069095006513,6.569904571416039,9.390752391406588,304.9094652668599,34.0270315093583
1987-08-04 08:00:00,1.5015446939363741,7.784258593403978,9.82580363184422,307.3914428123934,18.086891733319966
1987-08-29 08:00:00,1.1093349524908844,5.999689332066796,8.002492081768423,336.06804337304794,37.383092331205965
1987-09-23 08:00:00,2.0337107610809744,10.677684667167561,11.762971155132075,297.05791070309584,14.112386839249153
1987-10-23 15:00:00,0.9462465803954914,6.250420014387517,8.499764228825265,311.34263571787403,31.539643275678653
1987-11-26 09:00:00,2.745637932859755,8.511808746358886,8.648026678964024,323.48733423993366,26.91505390001117
1987-12-29 12:00:00,3.420504641703084,12.952543303699368,14.626289465083016,290.94693223556794,10.962541350849296
1988-01-31 15:00:00,6.124956315028818,13.289561364544985,15.758836460137891,307.2400215812494,15.430172095291699
1988-03-05 09:00:00,2.928932886148404,8.109526854448903,9.796136953147874,319.2119829236313,24.04977985876425
1988-04-05 17:00:00,1.7169461185443078,5.604007489036309,5.690828226206352,346.4043082454441,30.388075423548855
1988-04-30 17:00:00,2.3193643033051354,8.374577394452217,10.156116182036524,296.2391015318056,18.56422475409327
1988-05-25 17:00:00,1.7143352991989504,8.148811261485227,9.800647534857527,299.081087231899,12.990014255899974
1988-06-19 17:00:00,1.0159221186591403,7.550239600143528,9.600640566195784,304.0520137126498,17.75801165176193
1988-07-14 17:00:00,2.5573468722350645,9.52649967468175,9.9932152096525,308.45173830993053,16.666368481168153
1988-08-08 17:00:00,1.176705803397535,9.142860047866728,10.462310844015029,297.34068660672483,9.63073123950613
1988-09-02 17:00:00,3.282697647786236,9.579469201194058,11.317918693399777,297.95295210983113,15.757289505493468
1988-09-27 17:00:00,1.5302657372313362,9.054210802535026,9.666990278189159,295.90792775562505,11.422738353707928
1988-10-30 09:00:00,1.0922970479977003,5.784059293265851,5.757861374960843,4.484181139070472,31.30896316477299
1988-12-02 12:00:00,2.609268498643723,9.321443431111298,11.05944188953634,297.32360212964875,15.797963829769257
1989-01-04 15:00:00,4.659259682991888,14.790383668003052,17.565001521648934,293.96896925651384,11.20630532067173
1989-02-07 09:00:00,2.2994615579592743,11.196414535075748,13.355758934525522,303.9325821606666,8.491266988913388
1989-03-12 12:00:00,3.5495462134739064,13.787491084382062,15.725414406765143,305.1717276472914,9.487736768787927
1989-04-11 11:00:00,2.4690881697468696,9.680721282944809,11.47078141379069,303.4784654286244,19.22390137840974
1989-05-06 11:00:00,1.0095838841694158,8.14117132570611,10.776497864648663,304.2654688713873,19.31230202525459
1989-05-31 11:00:00,1.5637990497716883,5.550385109572927,6.287333870511214,334.00668884405013,26.373399745123965
1989-06-25 11:00:00,1.167800348150667,7.646156907297717,10.334764591892693,311.2208645762689,18.498459790052454
1989-07-20 11:00:00,1.2850028933479576,7.183805564839122,5.953373285128975,336.3927172621202,40.114785851606804
1989-08-14 11:00:00,2.06440424769811,9.606694125244552,10.475532629995268,300.61086702775293,13.38343827705807
1989-09-08 11:00:00,1.2477611393727486,7.805481050625238,11.584426395119118,310.8517987355536,24.49809942498008
1989-10-04 09:00:00,0.6780907821535876,5.937248538852699,4.8010164652540315,332.16979897533565,34.63301222500213
1989-11-06 12:00:00,4.9507322013358035,12.639449642465722,15.11011468572013,310.61817255313406,15.757442059385745
1989-12-09 15:00:00,1.5905601764133226,7.427890814789103,5.555800426577625,323.6693112776368,41.44636445499154
1990-01-12 09:00:00,2.0316320178274956,10.283608224436913,11.786323909954936,298.6414510236302,15.614478386841833
1990-02-14 12:00:00,6.143498260997664,11.75392160498319,14.035518223857274,301.4374801714301,16.093080637288878
1990-03-19 15:00:00,1.6540052518411505,10.762292567550503,12.971492427115962,302.1426214777789,13.554064868732725
1990-04-16 17:00:00,4.154457558918727,12.287383022870642,14.125403105115344,306.5814922466612,13.981722624687036
1990-05-11 17:00:00,1.800946417794806,8.480493505983798,12.85086505700406,300.93179435401277,26.673593008674366
1990-06-05 17:00:00,2.147493552466279,7.4900253644848185,11.790248000212356,299.08123745262856,13.84479725516366
1990-06-30 17:00:00,2.435364780833343,6.918714808593075,8.0423130174807,295.04948710497024,15.666623308902036
1990-07-25 17:00:00,1.4180278015289125,5.49173073837026,5.507961004452308,12.886195102402837,29.509681476813373
1990-08-19 17:00:00,1.4471469155706485,6.1175018681697395,4.835651709715855,328.62784073309683,38.210151429987775
1990-09-13 17:00:00,1.012131780657009,7.254483016603722,10.837617676428465,318.13612638382574,27.275208577061736
1990-10-11 12:00:00,0.9939627641979448,6.123995037591428,9.09321167006283,316.8039651186325,33.96753253657506
1990-11-13 15:00:00,2.115096804337361,11.444676893577393,13.57002796444861,287.5074667511487,9.915176599256178
1990-12-17 09:00:00,1.5784922633341951,8.774078545598679,12.668676542861167,304.0396729608215,31.539693522548184
1991-01-19 12:00:00,2.666790015136641,11.694473040896527,12.609042794021065,300.0536457100886,12.521070167750919
1991-02-21 15:00:00,2.137177741953526,9.565279129524354,13.284818582189295,293.0214009579035,11.099055648984073
1991-03-27 09:00:00,1.081977028960503,7.916255982456609,10.788249144289699,297.4365993984172,20.855962500130868
1991-04-22 11:00:00,0.5933141571013751,7.460070444667904,7.554844266838512,309.35454469228233,14.0494010906922
1991-05-17 11:00:00,1.241573209124836,6.762888047748403,6.875708000581229,318.2949539697665,19.43696369992696
1991-06-11 11:00:00,2.24762161301933,10.156996040093532,11.26132243184845,296.8586883020944,12.649777688454936
1991-07-06 11:00:00,1.4230669472173256,7.289965720342518,6.712698163636851,290.5185695145003,13.031160133683155
1991-07-31 11:00:00,3.52250842542737,7.616915964827095,8.946061386265326,291.71006592635246,14.28390250926774
1991-08-25 11:00:00,1.3274797296364087,7.1704086824277615,9.74002741107421,309.55845249388705,28.839036809663188
1991-09-19 11:00:00,1.359454375951635,8.31787469096073,10.519888540790895,295.2439288293972,18.858619053281032
1991-10-18 15:00:00,2.853896615038273,10.326256057758817,10.731841948109759,311.27744925534375,17.164548412723438
1991-11-21 09:00:00,3.519228027059841,7.964187245710719,8.303840466062347,343.2095645239641,25.17863687449827
1991-12-24 12:00:00,2.611310882834962,12.266338733761566,12.801315502311882,306.26344586029126,19.978327569894795
1992-01-26 15:00:00,1.7791512006827874,10.499223994601262,16.25386792391186,297.052027515478,27.389376724990758
1992-02-29 09:00:00,2.2940347474986407,9.959752504739072,11.815880620909223,301.5655670033277,12.111375833651897
1992-04-02 08:00:00,2.935840950081771,10.048914281359608,10.543781321026794,304.020431307186,17.81352661065884
1992-04-27 08:00:00,3.0442445228222956,10.99607706811286,12.528172519777987,295.9389601535551,12.081264678829019
1992-05-22 08:00:00,0.9954920219555465,5.829243345290418,8.500929570489378,334.94420289543376,38.93481125784178
1992-06-16 08:00:00,1.9555171233076343,7.401554728865989,6.372453218511128,314.58841554664593,30.489377666381234
1992-07-11 08:00:00,2.060606044140615,9.456506999881073,10.472268215369754,298.64402731624864,14.401279997604867
1992-08-05 08:00:00,2.0487030445620245,9.473534100687676,11.048723813860276,303.6520175788312,18.260725476107243
1992-08-30 08:00:00,3.197739793664477,10.125360267992939,10.980350633801084,294.08800908736185,15.328802612012865
1992-09-24 08:00:00,1.1597152707295897,7.600753345782952,7.848566253631656,300.98966430887634,16.143376118359615
1992-10-25 09:00:00,3.9898062285380953,13.305721459257839,13.791880710191728,306.2380016216329,17.512719926017223
1992-11-27 12:00:00,2.7333172830999817,10.885938253683747,12.343633755243172,300.8077856367312,14.673706384783857
1992-12-30 15:00:00,1.55009474986702,12.82485935935668,13.61632104645152,297.81450083192493,12.334368503326012
1993-02-02 09:00:00,1.909775565087666,10.26339830913109,12.88765047990342,302.28050008907593,19.14299351752671
1993-03-07 12:00:00,0.8915089916406173,5.843407600272963,5.117786864910465,353.6748114477466,35.524365921237056
1993-04-07 14:00:00,2.2058448886849766,9.852567434640209,10.339446292635605,299.0154820096726,14.261613750553819
1993-05-02 14:00:00,1.8346884249535826,8.20918845459458,7.254463310885173,309.18125220866915,16.034750117692607
1993-05-27 14:00:00,0.5800125173947257,5.7442361514333315,4.354789743534066,284.36544972101035,9.822042254311024
1993-06-21 14:00:00,1.1356927936094985,6.078066963676712,6.068121507004521,340.86316798379437,30.147995182945685
1993-07-16 14:00:00,1.3501435397528665,8.471886524561425,9.07379091341434,288.0908133706958,10.11932624883985
1993-08-10 14:00:00,1.595034877623468,8.355995156043,9.870206528084331,307.8266829407607,17.202921194158627
1993-09-04 14:00:00,0.42385824803498584,5.711682973807866,9.006137692941344,311.1395106018673,37.03500550413647
1993-09-29 14:00:00,1.157524574603355,5.028352531539149,4.645558207444323,291.85163573055365,14.334215198222681
1993-11-01 12:00:00,0.7195434985683633,6.593856658497606,10.562580539758036,335.1569894378726,42.734525365581504
1993-12-04 15:00:00,4.048450601453083,13.530502578994282,15.623432370375285,304.7216187214526,11.35117439133293
1994-01-07 09:00:00,6.056415827903286,14.092069149270301,15.5899101378033,304.5080659291439,16.75282312931142
1994-02-09 12:00:00,3.541645844607014,11.678475638029946,12.73974659385362,301.7060153436763,13.28183285843594
1994-03-14 15:00:00,3.9920040411324886,12.23771020060781,14.171204930423379,306.6526673269907,11.784789138397164
1994-04-13 08:00:00,2.960690273271956,12.37013326373044,14.547754644579978,307.15698108471406,14.37749650459069
1994-05-08 08:00:00,2.6470699276437504,10.370425761902776,11.750494195770466,298.5186349622749,13.998413939155325
1994-06-02 08:00:00,0.9098841086966465,6.3542667524211565,10.415002706240136,295.1933082986007,14.087036019798411
1994-06-27 08:00:00,1.2192081623600186,7.370380167009648,7.660243372524231,303.32487658190803,21.18648592050829
1994-07-22 08:00:00,1.4696984985083181,7.839302735381974,11.693399612863981,310.31055339371153,27.06515566462876
1994-08-16 08:00:00,0.8937566712817541,7.072001747068576,9.598948944135307,300.2880328725442,25.680883666738268
1994-09-10 08:00:00,2.281142114465737,9.76013022215371,10.767178652054477,302.0825694298817,16.106644598145387
1994-10-06 12:00:00,1.1539170088997839,6.236098233244404,6.40064001695206,9.16176416311896,23.614170520287352
1994-11-08 15:00:00,2.1814398667367683,10.625443793375117,12.926438414982425,293.31298239429674,16.096357418748607
1994-12-12 09:00:00,3.4495337630817233,14.859659301642724,17.732660421685814,299.0225393146885,16.107758447803587
1995-01-14 12:00:00,1.0445278774566689,9.753177326002541,11.598225713099371,293.97320281178526,10.328389575735054
1995-02-16 15:00:00,7.719001857032485,15.916449867051705,18.818952170391483,300.10370000963474,12.962931780212479
1995-03-22 09:00:00,1.4184073363022731,6.021703958746457,6.033399738063349,18.792525714864894,27.15557588891265
1995-04-18 14:00:00,1.2739534473269714,7.030920855996768,7.06752118810533,309.1485851990614,20.575142188640637
1995-05-13 14:00:00,2.3533424018958073,7.832519004324434,8.051251014573257,316.5159334146755,23.407591168218424
1995-06-07 14:00:00,0.8292364874689631,5.057606369684205,4.501319373736776,338.0596385556446,37.690279719344375
1995-07-02 14:00:00,1.0008926956996134,5.882261630177008,10.540247892273229,295.25387775513195,11.988832426334536
1995-07-27 14:00:00,2.215888329961406,9.332166778469764,9.939199238922885,296.2750628180496,13.392587768810687
1995-08-21 14:00:00,1.095009761135751,8.466623824773157,7.9377971597475945,300.81762763050205,19.387048948375952
1995-09-15 14:00:00,4.23721186456755,11.024161250288406,13.161172027821856,302.3182327307974,17.75251155053246
1995-10-13 15:00:00,1.2862474066623801,8.149486696163626,10.363479530502973,295.03034260827735,21.988042241370056
1995-11-16 09:00:00,1.790901086487464,8.910054643388857,10.532841573557237,293.93112987292915,15.474772556640549
1995-12-19 12:00:00,0.6543477663434906,8.731611411706206,11.819579035609289,287.6805400146171,27.73093342276363
1996-01-21 15:00:00,3.5893328118350563,11.598730850117004,14.424725087434755,301.5780901975735,23.119661760863774
1996-02-24 09:00:00,2.55047827826659,9.191925690787487,8.347161371446694,304.0553981662094,15.311987391443555
1996-03-28 12:00:00,1.1482060786554522,5.814634360469712,6.166042596568507,302.76985115096755,31.233839296052405
1996-04-23 11:00:00,1.7437333663796928,7.190951689941883,7.403148215559377,303.9968967141694,20.050688368178694
1996-05-18 11:00:00,1.0246026928398078,4.136658188250374,4.204774714588384,295.8943046953668,17.75184554091896
1996-06-12 11:00:00,1.4497849626700245,8.211652784417367,9.655604192564452,294.122191724581,11.63520422859835
1996-07-07 11:00:00,2.7371589227063375,6.59355490141381,6.540032281957067,342.3426453049604,32.75256074489542
1996-08-01 11:00:00,1.4479161855298195,8.933789938598798,10.560348278717802,299.9664682553965,10.269743987494145
1996-08-26 11:00:00,1.3927095050101415,7.999161844167868,8.53424202046138,307.5713083642152,19.88657953851979
1996-09-20 11:00:00,1.202403620972961,7.198964966390781,9.158715845463771,300.03616054245174,22.310384783392816
1996-10-20 09:00:00,2.227475100911769,9.87103002864742,11.83485641307774,294.5268762931175,13.310349523379664
1996-11-22 12:00:00,2.7259258688806067,8.76724607073242,11.160569371024344,297.64246146626124,25.91524496434989
1996-12-25 15:00:00,2.1621258537229076,8.345274007284791,12.75529559985673,299.384106869255,18.19854541854018
1997-01-28 09:00:00,1.886619042561009,7.421221291774031,11.746904772750108,318.1292882823458,34.09104083390825
1997-03-02 12:00:00,3.860872166536231,12.513142025993446,14.845279048886152,298.4214783448365,10.524501934490429
1997-04-03 17:00:00,1.8383761755507813,9.263567329933153,12.616128462078118,312.107930304357,15.07739578239998
1997-04-28 17:00:00,2.322401337813171,11.284727887623973,11.734996522845885,294.1086268862911,14.101747091177286
1997-05-23 17:00:00,1.198672172700744,7.962577702289997,10.118055316673821,302.1917975910095,40.50922348467374
1997-06-17 17:00:00,0.9364043558374308,9.042537602116111,9.658936929028204,287.86538361588833,10.512785512074338
1997-07-12 17:00:00,1.1861280062934594,6.284441303734859,9.138285208264175,305.2261219356472,35.05576528747691
1997-08-06 17:00:00,1.618704907009899,8.750289760961806,10.375418483436517,292.87711024353143,11.44383256780835
1997-08-31 17:00:00,2.2648628280506617,9.811803200018604,10.282194082880785,291.5624358476364,12.829736737684245
1997-09-25 17:00:00,0.6059255536682696,6.263819937233186,7.837877309806447,281.7800109055173,8.199290213663497
1997-10-27 12:00:00,0.8894642732022215,6.131398024219495,4.4508414187812315,328.45826858322965,50.67674802332552
1997-11-29 15:00:00,4.361610878404263,13.071689237458736,15.586332115663456,294.8651245249851,14.267375731353818
1998-01-02 09:00:00,5.701586496914921,12.87244008254658,15.42412735727465,302.690324115517,17.819847700908323
1998-02-04 12:00:00,1.6257500210540028,6.454311449746233,6.558837023265812,353.10218824775893,26.212724734080997
1998-03-09 15:00:00,2.9289649743961452,9.869391863389653,11.732698377561423,303.04423470482294,18.703361807501125
1998-04-09 11:00:00,4.0633971212224615,8.556907757995582,10.077997412744057,300.3753898590945,18.62177989548071
1998-05-04 11:00:00,2.6544059927816885,7.195012159935448,7.404300352133172,330.4420133534637,24.65923839580799
1998-05-29 11:00:00,0.9141777211344119,6.349153440809132,6.718407840936449,299.53208099726396,18.18498663277501
1998-06-23 11:00:00,0.9527418097271624,6.912403426830147,8.120133045418072,294.3587274450373,11.663543364675995
1998-07-18 11:00:00,1.2955501646250769,7.8134380122071745,9.165169406798613,291.48328650355955,12.047473351380154
1998-08-12 11:00:00,1.0889291295345516,8.460649853532066,8.725001072977994,301.81512912812894,16.895211858654744
1998-09-06 11:00:00,1.6276721190243044,9.53097159193047,9.973726138233134,297.45040807807055,12.568156156224157
1998-10-01 12:00:00,4.253464023172181,8.595629201151285,10.121249180510251,296.4582226402997,16.58124603872831
1998-11-03 15:00:00,3.2777805264723363,10.601581256575942,11.62961273167987,306.54204728721544,19.10234382822106
1998-12-07 09:00:00,1.4259082127736327,8.625248505013063,11.99514275469912,297.4951258333639,21.21330105268395
1999-01-09 12:00:00,3.8409524680656117,11.761833297258642,12.609023487688667,310.4645257147054,14.47052961808955
1999-02-11 15:00:00,1.5039963020750726,7.5967529576623125,7.475462845918949,313.76925596224817,25.65911725703786
1999-03-17 09:00:00,1.698594826346753,7.952487827436698,13.052021474665828,309.8650967625817,35.45918568292252
1999-04-14 17:00:00,3.7419926906334946,8.854453993642023,10.479276879647498,305.07206156847815,19.247006948000287
1999-07-23 17:00:00,1.4609812077448483,6.096239381259049,8.712617374858015,322.8633423266825,32.00658833634299
1999-08-17 17:00:00,1.2035366427116156,8.109147604135853,8.980599787234008,295.2688697772088,15.12137753937142
1999-09-11 17:00:00,1.4369329375580724,7.441457703223894,10.217812672503467,300.2030747104656,12.148861356132146
1999-10-08 15:00:00,0.748476082762616,6.993858444751807,8.626550188143776,298.9450513436062,24.208596009367767
1999-11-11 09:00:00,2.3219941112454636,7.0041251271795915,7.127731194868886,353.574104430538,26.331841384858254
1999-12-14 12:00:00,3.2860812810994244,9.5709717463294,11.307540718297206,302.94729591732755,17.286066467205305
2000-01-16 15:00:00,1.971951706704763,6.998277753884053,7.159579049062915,357.39396909896453,23.813495752692567
2000-02-19 09:00:00,4.313121137866594,11.326786909527243,11.013947766321763,304.52552862270926,15.448083170393206
2000-03-23 12:00:00,1.3971737373762936,8.362809927007511,11.248582671440467,305.2218337209207,11.979652917201598
2000-04-19 14:00:00,1.2859012855413887,9.070034300035658,9.38470513813647,300.17765629274925,18.720819632087075
2000-05-14 14:00:00,1.0206325696083365,6.6805396355081115,11.39257448997396,312.65058983321137,42.542619956972416
2000-06-08 14:00:00,1.7773394140523857,8.466669874859946,11.74376685653411,301.10285623544485,13.501335400320253
2000-07-03 14:00:00,1.2177491484267622,5.864516943402302,8.000007856956048,287.1613585608826,14.508567059919068
2000-07-28 14:00:00,0.8624376610990372,8.0138074250352,8.768778679147832,291.3772678834294,13.155309328760604
2000-08-22 14:00:00,0.8267297198826173,6.021013880438532,6.898411764973644,292.58746725292576,13.495090019131782
2000-09-16 14:00:00,1.122522318841876,7.999225228220888,9.423771261888835,304.10461373362165,17.860187768572978
2000-10-15 09:00:00,1.4619857569502523,8.810550363822767,9.220808199587589,300.0851094289375,13.362885019352678
2000-11-17 12:00:00,3.1255752613995966,9.067216408238034,10.69633482819207,306.48449826717945,17.709874783341093
2000-12-20 15:00:00,3.0222670760961816,13.776704836860535,14.545512610719467,306.14023500515543,18.673051818404502
2001-01-23 09:00:00,7.072392519890397,15.743130051210363,18.682723333159565,298.34069683102877,13.08855923649791
2001-02-25 12:00:00,1.7925443592181332,6.136294743610141,6.230820542269531,336.08427537732337,30.4868989138885
2001-03-30 15:00:00,2.7357402206495407,10.133913255098822,11.142855789418702,301.26684909925507,16.41694576078001
2001-04-25 08:00:00,3.74472724626545,9.213096577868091,10.928906276502302,291.12861352163964,13.626285358985935
2001-05-20 08:00:00,0.9524712822075997,5.224244094949395,5.465149133949877,336.23267497452133,27.950368786128017
2001-06-14 08:00:00,1.0906567434431165,9.304471975711644,9.763651664979468,295.4453708674502,13.355805966117178
2001-07-09 08:00:00,1.0151950549702986,7.029496359958724,8.20585614022596,299.7318306406169,15.631239233785115
2001-08-03 08:00:00,1.5772218060969194,6.907167013587182,6.814457137457244,300.52249126097445,20.48431912056983
2001-08-28 08:00:00,1.2351682744156922,6.16347155662217,7.6865773998995985,337.4994854570772,33.88585335137008
2001-09-22 08:00:00,0.9860750132915689,6.5273893094925155,9.394229236512418,327.58203718623696,36.689988869100844
2001-10-22 12:00:00,1.068545611832749,8.229199915666904,9.787830262263034,288.5607529104957,13.762688380475975
2001-11-24 15:00:00,1.0907146567564812,9.475802178894611,9.777596364829098,309.8283166055233,21.1360503877828
2001-12-28 09:00:00,2.238371493147155,8.346737813361344,8.631997784585966,305.6787077399803,20.993563458214897
2002-01-30 12:00:00,3.2529129819892098,13.157170085948719,14.5871829520821,292.0453910885668,11.312333115374832
2002-03-04 15:00:00,1.226566368897907,6.484939883981244,5.2894568617822335,345.92179732477666,36.89520333732673
2002-04-05 14:00:00,1.5544850153312348,9.858285527211914,10.641052809961327,309.48680662993706,22.4745133141152
2002-04-30 14:00:00,2.5112017497934915,11.510765508683146,12.52055212960607,307.75335969580067,12.883825134440862
2002-05-25 14:00:00,3.5314420794026757,11.236462479308457,12.569349720300574,298.7827760037006,13.789534118971623
2002-06-19 14:00:00,1.509139082148061,7.361095435711194,10.510595254729699,295.57059940220626,23.60848776548683
2002-07-14 14:00:00,1.0551839138487542,5.939657646234915,8.83441080315255,303.8938945920916,31.190517072107017
2002-08-08 14:00:00,0.7931985909993299,7.188734369352368,7.996343298166951,303.0211432733167,19.54295579288552
2002-09-02 14:00:00,1.1153188102005342,6.417763338558112,8.706140334812655,334.12943825601343,34.49684374416461
2002-09-27 14:00:00,0.7101512414189552,4.35302785022175,3.868656523537337,4.743418258763029,38.95261179597141
2002-10-29 15:00:00,0.8256433354877089,7.782035480392318,9.126515439282613,300.6773430382758,14.569501231953543
2002-12-02 09:00:00,6.803975804577653,13.540935363394281,16.06445324976877,305.0752134606309,16.035620341225602
2003-01-04 12:00:00,3.061149783680659,11.292223085919668,12.03303198330671,300.253877662917,17.84809346284691
2003-02-06 15:00:00,1.721684550415341,9.707997940981542,9.992667429786678,308.6332353599952,21.97007325096976
2003-03-12 09:00:00,2.893599716270119,12.60970649831109,13.758823164954922,298.2792517090065,13.252683678254387
2003-04-11 08:00:00,1.6727750785148643,10.049215685958451,12.857462100317907,295.40154220742596,20.364022428156243
2003-05-06 08:00:00,2.3774823466588506,6.778140701520275,5.240857275539295,311.2647832632081,28.105000429815668
2003-05-31 08:00:00,0.7764591677521965,7.685493915712035,7.9948896850982205,299.8011910619927,15.93348982978768
2003-06-25 08:00:00,0.8236038547948289,7.3239720896976435,7.748598364597917,298.6444262469501,19.318464854117956
2003-07-20 08:00:00,1.6757492391922895,9.701781523754619,10.116034611540258,287.5934674949623,10.07038975633269
2003-08-14 08:00:00,1.1637166399551113,5.515376486985467,4.9672254951292185,297.3668256402384,16.966053880660514
2003-09-08 08:00:00,2.946058997262391,7.792051172323704,9.135327236638126,297.52638697356633,17.16376527636476
2003-10-03 15:00:00,1.473412322263319,6.732680516581187,6.914133591982977,301.8366227347317,19.860634544042302
2003-11-06 09:00:00,2.498676791894412,13.126259173518616,14.487275539159961,295.23849713192834,13.496462554896215
2003-12-09 12:00:00,0.8285397913387631,9.481482750411596,11.580334797090954,289.6062056187611,18.338961949852745
2004-01-11 15:00:00,3.548868443066194,10.67397607351871,11.638690141958413,295.8430674082827,14.778974817451296
2004-02-14 09:00:00,1.4124448915924093,9.740254736073263,12.364805850334909,290.2053303556635,16.832392063963155
2004-03-18 12:00:00,2.2321195101181908,9.037658989590264,12.26206518930124,291.52135412368057,10.598689581814451
2004-04-15 17:00:00,1.8529206276259074,11.035060193280112,13.177015866270105,306.59617286934036,19.089158171100685
2004-05-10 17:00:00,1.7852430823991725,7.841150382581753,9.912237838467485,299.1274044250282,21.71406214411667
2004-06-04 17:00:00,0.7427840548071551,5.443030258630428,8.77762731959063,320.18897242550753,40.433249851941035
2004-06-29 17:00:00,1.3963372698038108,6.214859360748684,8.971412982372708,313.06358533340347,32.12964324738283
2004-07-24 17:00:00,1.3516636771290258,6.94682303230337,9.38591982705455,316.21748807464894,25.285834080154963
2004-08-18 17:00:00,1.9137053935123953,8.710796739402678,10.291357068421542,287.05599101783827,10.450174121464897
2004-09-12 17:00:00,1.892808648265662,8.870343737094679,9.233283603517716,304.97835823437947,14.229220040354383
2004-10-10 09:00:00,1.5253286169349505,8.462482430125421,10.633467599682723,279.87581038027076,32.949063720848045
2004-11-12 12:00:00,2.0380452057130025,7.4457323127146475,6.674396523358574,329.3782177508685,31.801655764714617
2004-12-15 15:00:00,1.0637389726957571,10.938028604400726,13.098062909843463,302.2731017149533,10.798474882691254
2005-01-18 09:00:00,4.7439505406885765,10.138249254499542,9.800783803178689,300.0143541416671,16.75542871605658
2005-02-20 12:00:00,2.6359270802137535,6.817558303223515,7.93085853252651,319.30238338053874,22.592030900947215
2005-03-25 15:00:00,1.6063073706567976,10.027729467894558,13.061156864379367,291.83488862586694,23.47655512923315
2005-04-21 11:00:00,2.2535879390293583,8.250614347161553,9.888209240132388,292.1666121509584,16.32325323905446
2005-05-16 11:00:00,1.1103393916873137,6.86546788908474,8.639406631651177,287.30067678198446,25.227529715001566
2005-06-10 11:00:00,1.0895459861949708,5.474047545360432,4.967880883248857,355.2291347545813,37.093879673471584
2005-07-05 11:00:00,1.9403945506831632,9.238633202050998,9.953961153112395,300.6593439368964,16.123015463965146
2005-07-30 11:00:00,1.298672422727032,5.170018203509827,5.78856168103051,302.16778304849413,20.35327954369705
2005-08-24 11:00:00,1.8144686913798997,11.25164782038333,12.008941731892843,307.6309357195921,12.097116341315273
2005-09-18 11:00:00,1.612862310106153,6.112339821591967,5.864174913180044,347.5351900600273,34.32636740149919
2005-10-17 12:00:00,1.1083733344321842,9.071293040551975,10.55168572079623,289.183576544571,21.166478510842726
2005-11-19 15:00:00,2.4285531258677824,8.83534323696308,6.610537326933956,334.0565816972629,39.997360831727335
2005-12-23 09:00:00,1.1477563609782087,7.387359792146438,10.956092307648643,310.36674907214115,33.38410441788774
2006-01-25 12:00:00,1.270550864801674,10.848513998571587,11.428765150974138,299.21583544323204,14.740440991363695
2006-02-27 15:00:00,1.7218291391146223,6.930741399589766,6.894868308120167,348.6442182816127,31.711569131144845
2006-04-01 17:00:00,2.4359661819294876,12.039093873814315,12.759077143939622,289.5660667820857,10.794187766607507
2006-04-26 17:00:00,3.067771553306386,12.727141642338022,14.617953292252798,308.7622246960743,9.37149844424613
2006-05-21 17:00:00,2.3786521795851288,10.352171949958603,10.78943316696782,293.5043161861606,13.194900557954904
2006-06-15 17:00:00,1.4723655715294848,9.804666243136944,10.49572984865961,319.2271667059113,20.091334519957517
2006-07-10 17:00:00,1.6649830305799802,7.466300795486019,9.835294272684298,304.3563585519661,25.215915304936544
2006-08-04 17:00:00,1.2628724984197879,8.913476540904782,9.37300219915552,307.4491480342167,21.588173353780878
2006-08-29 17:00:00,2.7541775324304627,6.996439723261995,8.156261570634898,298.4424368769187,17.61374645509413
2006-09-23 17:00:00,2.1752452369689683,10.720990276716742,11.719103140216752,297.1285252724581,14.770798414496204
2006-10-24 15:00:00,2.6808564338402636,9.210725700290142,11.08154994741083,297.0974824797963,17.22761852065536
2006-11-27 09:00:00,2.7053507186610566,10.336509173348581,12.765083246575543,297.67798603252663,40.64569441681008
2006-12-30 12:00:00,3.4841328802170946,10.988809108288846,13.513774432369775,292.1878124503344,18.909517403828094
2007-02-01 15:00:00,1.8510409502508745,9.502471396526555,13.045040238756547,296.2827485787173,21.16688346823697
2007-03-07 09:00:00,4.949817672222816,11.079572713314242,13.235306973160602,293.9344208642408,14.596853260592415
2007-04-07 11:00:00,0.5231221731483504,6.614673051667437,11.958787777842282,302.00363291915465,26.707613800290485
2007-05-02 11:00:00,1.374554039977418,9.757609458258367,10.441072810311592,293.58528301670106,14.31274845124735
2007-05-27 11:00:00,3.151444676105173,6.902705782349126,8.023063871562432,296.93231211979423,17.09834609763406
2007-06-21 11:00:00,2.2415601719824396,8.435316046678144,9.347391449124896,290.4672738518871,12.536044149045823
2007-07-16 11:00:00,1.2032856553915592,9.427975306052286,9.728608377123129,291.3549808451552,11.731806891676637
2007-08-10 11:00:00,0.8551059683540099,5.9305548378536574,8.956060580808748,313.0761448006662,32.85574338035992
2007-09-04 11:00:00,1.8323630668609743,5.8340321132906166,5.530812031340437,346.4562096839464,31.554549397069522
2007-09-29 11:00:00,0.7397336324603494,6.364370856061693,9.931151355688026,316.45656254602227,44.209047299371626
2007-11-01 09:00:00,1.778637330638545,6.978277975646413,5.51926814227372,328.8632155105121,34.02967684671563
2007-12-04 12:00:00,3.282639522745162,11.486264482815814,12.673114104516698,303.11868057709603,13.961369029722505
2008-01-06 15:00:00,4.248310528796708,12.113437997437405,13.590671196735226,299.366510317043,14.206572564635087
2008-02-09 09:00:00,0.9008457662814707,8.365396809884913,10.289519585948375,284.2496514092202,17.76224397307297
2008-03-13 12:00:00,3.42511879538718,11.580704251628369,12.666514313845273,301.5613576627568,13.206992204022033
2008-04-12 08:00:00,3.459589672258264,11.600562955860449,12.910591960626025,308.14342656388413,18.911954498823047
2008-05-07 08:00:00,0.8595822760370453,5.946796118272357,9.487088944669619,311.7661235252118,45.50407687638119
2008-06-01 08:00:00,1.7038891092922261,7.28164275923785,8.895979659204134,312.4706089465052,25.970850253811726
2008-06-26 08:00:00,2.0805047219397625,10.126267307155821,11.009889662097434,306.493497017923,20.857818498018542
2008-07-21 08:00:00,1.389834621312719,8.537820500250888,8.77979295340709,315.9702147059099,23.52527205827002
2008-08-15 08:00:00,2.595344859682276,7.3566311371473265,8.615044453225185,300.8276478444768,18.77723470860662
2008-09-09 08:00:00,0.5012720750793377,4.530200139375991,6.638527022216044,297.0669308781591,15.255005992320664
2008-10-05 09:00:00,1.7208702349811429,8.08168944867218,8.813798784585751,303.0114201958648,20.019699067507773
2008-11-07 12:00:00,2.367981566834832,8.833862848201468,8.143170977004532,297.29259112395573,13.789589154498142
2008-12-10 15:00:00,3.028883977926937,9.724400557973938,10.098861677842274,321.94192027193117,25.330460703488285
2009-01-13 09:00:00,4.018475363172107,13.472348495945555,15.732667210909284,294.48640837456384,12.12879308098943
2009-02-15 12:00:00,1.3543707112822567,6.082984373406361,5.153815802488337,346.99057850621335,44.4001044323562
2009-03-20 15:00:00,1.1869326058611898,5.9857476577307525,5.675890457640811,356.85290268304436,35.575942309392005
2009-04-17 14:00:00,1.3700259752180408,8.785389757430972,9.057926924894591,296.480317732897,15.806616962397039
2009-05-12 14:00:00,0.608187659251061,7.705713426181762,9.071391170716742,304.255478973642,15.235853352022836
2009-06-06 14:00:00,1.3583564729116018,6.1509712054690775,6.51216856711466,292.6129136195815,17.08545711111684
2009-07-01 14:00:00,0.7551861718609093,6.516001619314189,9.46075220065253,298.66323672268965,33.071152930142766
2009-07-26 14:00:00,1.0285605236982227,6.431075206015224,8.43746392877922,296.9048480942952,29.078152626284503
2009-08-20 14:00:00,1.4486618192316914,8.33486091853574,8.11856495481699,293.7019238213525,12.499871579997535
2009-09-14 14:00:00,1.7077785420865834,6.140569141132794,6.227962553406573,356.2169157554633,28.53607585160693
2009-10-12 12:00:00,1.668512028046717,6.624127516550255,10.393885088935733,305.9753116840325,29.417553036781822
2009-11-14 15:00:00,4.623941023266841,12.581352101541512,13.816605572419377,293.57196700785175,12.640740522347281
2009-12-18 09:00:00,2.056720834037739,6.2478563685126405,6.084098089420944,337.0098069015574,34.69290521202333
2010-01-20 12:00:00,1.9192627222513412,10.623643921596942,11.033828370726352,289.70460648455594,12.469009219918082
2010-02-22 15:00:00,1.8845308480067668,8.827412920561395,10.491037586293055,285.11312932138884,12.079136138188382
2010-03-28 09:00:00,2.1477181222496173,9.896291747971093,10.542988554383527,295.48872432120163,13.90887247646682
2010-04-23 08:00:00,0.7183034787105388,4.401643775473921,4.720158847594151,317.9523035162008,34.58460048689162
2010-05-18 08:00:00,1.3848947042436979,9.610486699582463,9.351900672785085,305.77144176669793,21.414420945786926
2010-06-12 08:00:00,2.2528197771387632,7.001779364809069,8.16588760450914,304.96065871630907,21.064844772078374
2010-07-07 08:00:00,1.4137678828647966,7.192414528342331,9.59858847077382,309.97938346274344,26.031104354685187
2010-08-01 08:00:00,0.892927194244284,7.412853376562039,8.80984271727259,295.9541959620036,13.037084845041061
2010-08-26 08:00:00,1.0047799099564036,8.518961401014408,8.773431902535304,291.1314640986456,14.19498338967667
2010-09-20 08:00:00,0.7503331621327117,6.4066089196693925,8.828228765086472,305.29642700387876,34.73054220428884
2010-10-19 15:00:00,1.2794336430893893,11.283616136325483,11.785348092984947,303.1527992915525,11.04888268465833
2010-11-22 09:00:00,1.7701487075290547,7.28109958222011,9.29015086598867,306.6864688330148,25.42702876226875
2010-12-25 12:00:00,1.7750021707608026,6.708117587457988,6.164971822115631,342.9732561770047,35.956055826948294
2011-01-27 15:00:00,1.818060406836991,7.041413746532466,8.570399611514713,331.9029102850393,37.847392180877
2011-03-02 09:00:00,3.2026544358709725,9.079019121626342,14.679956882480079,314.13153802766703,25.11640311381316
2011-04-03 14:00:00,1.852690890858478,11.563720992412064,11.982069949145039,289.3693111197576,10.358938907642846
2011-04-28 14:00:00,1.300616300264145,7.767040864142039,11.093529168324803,320.82864231330933,28.540321325309513
2011-05-23 14:00:00,1.999236002804336,8.950845840967926,11.482349485393708,306.71278463831493,19.172352276269653
2011-06-17 14:00:00,2.373264929146446,9.878499013580631,11.741509317804582,298.65713221570394,14.854500845491845
2011-07-12 14:00:00,1.3591843462256283,4.9347305025038795,5.469258921848389,318.3511004266962,25.4487908241677
2011-08-06 14:00:00,1.6063479816705017,7.523446012450489,8.81278804580091,291.43183871838806,14.369208165061172
2011-08-31 14:00:00,0.5742591117112159,5.652413662074462,4.18115591248645,327.71900256443166,40.25037081201448
2011-09-25 14:00:00,1.7970085937912026,11.020879765526225,11.53371275613717,294.22877912503867,9.22060589215579
2011-10-27 09:00:00,1.2960900420970367,8.670259916243527,10.221327164753813,302.13455882198394,13.308696477168194
2011-11-29 12:00:00,1.742842098396618,10.091321390355462,11.076977534997038,295.6312975646365,12.482577243794788
2012-01-01 15:00:00,2.7164799807011235,9.61013904323754,11.36968490494761,295.89497901080773,13.018325499626398
2012-02-04 09:00:00,2.1246496083669295,6.26068070834713,5.347182597258531,330.0710982290617,33.86683907705333
2012-03-08 12:00:00,4.379324201886527,13.153299542693423,15.647898014108483,310.9882781434472,15.265780870379183
2012-04-08 11:00:00,1.3302485718898367,6.790191140197342,4.9550342314400355,297.2926940471683,21.440943801360806
2012-05-03 11:00:00,0.6161909371095933,6.726954700886156,11.641735449980706,313.7023960674038,40.91869600033413
2012-05-28 11:00:00,1.447450122627996,7.573920178796919,8.789629726794576,284.7112885624109,9.48905014535618
2012-06-22 11:00:00,2.302425810057204,9.115177751652435,9.704544836950372,295.3174689247938,13.712126271217857
2012-07-17 11:00:00,1.4105805542328727,7.027596910061034,10.17300571096028,309.61518214243625,34.046719371825716
2012-08-11 11:00:00,0.9094291295207371,4.527374711480333,4.407845691936277,306.18369019074544,25.527573480753336
2012-09-05 11:00:00,1.1915851159777755,8.860853643511659,14.033406225398963,309.1363328076415,25.214249435852672
2012-09-30 11:00:00,1.9750804540226101,11.051242534144883,11.398870803689613,318.52395547818514,21.73886260661375
2012-11-02 12:00:00,3.439025122984097,10.574893149585625,10.772124023068748,300.1544783957226,17.62149014067348
2012-12-05 15:00:00,4.918364307219632,11.451404728542366,13.576408643360981,307.50448216139796,16.64622882633342
2013-01-08 09:00:00,1.4214796684292603,10.527309717427077,11.783558081475448,286.5160698824135,9.452330191925109
2013-02-10 12:00:00,1.991581944149282,8.281783261726966,8.13282323946309,298.15101247060846,17.060561743948263
2013-03-15 15:00:00,1.2572940849019723,7.857186025404939,8.079552005713571,308.18053815911185,17.538222388293228
2013-04-13 17:00:00,1.7203995992878458,9.670254687297243,10.17410846772647,290.3227847546432,12.840090193577224
2013-05-08 17:00:00,1.0632061436121618,8.006237149441116,8.281032532689785,287.4837168398298,12.19250811713536
2013-06-02 17:00:00,1.671098105040081,9.683586593111205,10.020684379497734,316.9103571931246,24.275013533679587
2013-06-27 17:00:00,0.9557426613509687,6.149034882581407,8.00197567254136,315.78222160776426,31.755515073312345
2013-07-22 17:00:00,0.8548071721940229,6.040278016018105,8.7982798417029,296.92427962422926,20.418444526136923
2013-08-16 17:00:00,0.8017172403858162,7.150296201812681,9.919198054549321,298.9472192590249,20.4432618379416
2013-09-10 17:00:00,1.565994871337865,7.950302149730622,8.634194297854009,314.95366864024686,23.79967432952769
2013-10-07 12:00:00,1.3755056214935764,8.195705885797617,10.012778464259362,293.4999774288837,15.717770318928947
2013-11-09 15:00:00,5.537079101498626,9.176348125209776,10.864555303270306,296.9043286454337,15.994017218771432
2013-12-13 09:00:00,1.5684288669293978,11.130133653632342,12.456464879055433,297.6911026796485,13.146826596473622
2014-01-15 12:00:00,3.431110657779697,11.446383995761707,13.198357185334205,296.4301711933973,13.192540843016793
2014-02-17 15:00:00,2.792090016172839,10.962369851011127,11.802657712346711,292.1436362992532,11.585691126761185
2014-03-23 09:00:00,4.978282124251194,11.873384124641175,14.211362097072977,303.75354953944304,15.876760345335823
2014-04-19 11:00:00,1.4438889274257785,8.038615214136549,10.657995830929368,309.7556297145521,14.229618071531291
2014-05-14 11:00:00,1.7002892319342584,8.730821641253252,9.191708809932022,307.39424566208027,17.548857413856933
2014-06-08 11:00:00,1.6992920599905799,10.362055563495655,11.140388437631016,286.6178881915143,9.94218941591334
2014-07-03 11:00:00,0.6644467186510344,6.21434673146588,7.83540279840764,297.64699330719407,22.84946089431566
2014-07-28 11:00:00,0.7954710121657208,5.342832364574319,4.274549054586119,306.60757338343393,32.85813382443785
2014-08-22 11:00:00,0.48233829170702325,6.979154805845071,6.558817300333595,301.7129589911034,16.795512522775812
2014-09-16 11:00:00,0.7533132040108081,6.027420228834871,4.233584205816161,340.89788724741203,50.401030729165434
2014-10-14 15:00:00,0.5439081281101051,5.806627236729946,6.9071129079194655,301.6661406960627,16.662233187139975
2014-11-17 09:00:00,4.305002595106572,9.545468591870023,11.277909568695542,299.5695413422551,17.476008840858334
2014-12-20 12:00:00,4.285036919636029,13.470970754351564,16.009427130182637,307.00663890699093,14.046827124587976
2015-01-22 15:00:00,4.387657510297644,12.583500537873329,14.628387424634644,312.73115182419554,18.106906940692703
2015-02-25 09:00:00,5.866815333424393,12.128043363202112,14.443218278546508,303.4747183164599,16.824215683630996
2015-03-30 12:00:00,4.9740937652397035,10.534610960918627,12.53323574820975,300.77834970296794,16.879353861361036
2015-04-24 17:00:00,0.8851897101855465,9.200237882449798,12.279860878173622,285.7420308662951,21.98066680479722
2015-05-19 17:00:00,3.498517818790702,11.84884255769556,12.595007855561132,311.01844350468394,14.433847280077094
2015-06-13 17:00:00,1.0410353217579376,6.0072438331405085,7.973651138059844,304.17848793693014,34.29684390017174
2015-07-08 17:00:00,1.8558132684543038,10.189011210474256,10.850329298601963,296.0843543870332,14.314983889172513
2015-08-02 17:00:00,0.9491355912179038,6.452551907680236,8.575988631401703,312.7485876742162,33.10791219925378
2015-08-27 17:00:00,1.8499719066500047,10.20047076290236,10.560728080475302,293.94484309669593,12.183150149504641
2015-09-21 17:00:00,1.5156766839645532,11.94700185742409,11.868944602113675,293.2498633945295,11.170771741192215
2015-10-22 09:00:00,1.1537608501409637,8.073859276216483,12.534558685855222,305.05916878719194,14.471354645585764
2015-11-24 12:00:00,1.9374214795323277,7.175975206869924,10.930850161070671,304.9928872246784,13.715443655496085
2015-12-27 15:00:00,1.2541015830210822,9.853220506922092,11.716641782471523,284.7823073622643,9.826169580078782
2016-01-30 09:00:00,5.254334831944736,13.468790404262974,15.953363289959775,300.328807497852,11.23334776529397
2016-03-03 12:00:00,5.383267951410794,12.230695398991399,14.526314391617243,306.4163497884816,16.622370975048753
2016-04-04 14:00:00,2.6840343913989786,10.194588245835952,12.180067587239883,295.71146027182033,14.227922187193133
2016-04-29 14:00:00,0.7279158198214282,6.336500545791749,6.769693178726538,307.711725782007,19.441870423229517
2016-05-24 14:00:00,1.5620449149784623,6.606980344550607,5.695344954517634,357.7572261555226,46.20618586001191
2016-06-18 14:00:00,1.7033027080598093,7.831674398503171,8.052077082132252,308.6831962180796,21.217710148510566
2016-07-13 14:00:00,1.6323699640668838,7.435116190312544,8.017936314736845,306.37381174816437,24.355549787902277
2016-08-07 14:00:00,0.8988254723853201,6.327393947093297,8.12877915117342,320.1880893642229,39.551989969456876
2016-09-01 14:00:00,2.0956185308776103,10.66287312907599,12.645775484012004,301.94449568060827,17.205686787851842
2016-09-26 14:00:00,2.2112789711959087,8.836614145313925,11.008434476425027,298.83020554627683,18.922502824442354
2016-10-28 12:00:00,1.4562016384939032,8.195727517629782,11.6725803881587,306.91584894766,29.122652952026616
2016-11-30 15:00:00,0.976718306833668,7.66919262228589,11.605727788392482,319.3220863307838,43.18723696764901
2017-01-03 09:00:00,1.4578966220275555,6.291687090594611,4.973347792039733,346.1848868933091,35.814678369692636
2017-02-05 12:00:00,7.626942571527359,11.032317070860817,13.173093447634784,295.8828363183381,15.583855373565683
2017-03-10 15:00:00,1.586826438614479,7.754199011055034,11.610583745223487,305.7099924799112,40.113984617927976
2017-04-10 08:00:00,1.1226610564872785,9.523214107854379,12.74719758043163,302.0803994171056,15.352854717483362
2017-05-05 08:00:00,1.6429833245346035,6.795108813899271,6.074467243372615,2.19283264040007,43.57524367291317
2017-05-30 08:00:00,0.5921029958508682,7.083825601522862,10.014658123668442,288.24851324259834,18.682421301541037
2017-06-24 08:00:00,1.0605986997636532,9.497969233463627,10.181857731245643,297.7731309030286,12.726216160656094
2017-07-19 08:00:00,1.4454841745426252,7.4685511974500685,6.79135168020266,299.0624237397063,14.055364370561007
2017-08-13 08:00:00,1.0160229781680754,6.846212640489495,7.96308038352086,299.672013947902,11.994330706594257
2017-09-07 08:00:00,2.0386295421487906,10.554368414715952,11.68584807336595,304.182056972635,13.352786539158277
2017-10-02 12:00:00,2.519136952205362,10.9988258171809,11.22961047549578,297.3635229831721,13.17084980514914
2017-11-04 15:00:00,0.6934448669001263,8.0351528315311,7.971620268121228,297.0617152341489,13.873579621741337
2017-12-08 09:00:00,1.962128440276654,10.539398564934563,10.966013876665738,300.5337663757609,18.25796945873736
2018-01-10 12:00:00,3.803115058244016,13.28641124469539,14.9092228560139,294.58976726153344,14.120273968649393
2018-02-12 15:00:00,3.8052202941758155,11.542222386437002,12.848254701696147,307.29633522054513,14.893663472375636
2018-03-18 09:00:00,2.8710695816593543,9.685203700669426,12.509651161582614,299.9376222349319,13.370848956769258
2018-04-15 14:00:00,2.228958082224873,12.28852443400529,10.57847571223402,291.8378081198466,12.305719791002428
2018-05-10 14:00:00,4.917501341301686,15.015932344309677,18.067006688818278,307.1297478768775,12.41073135636295
2018-06-04 14:00:00,1.5247759368839284,8.535841552463383,9.652630933316521,295.1022335276643,15.496811062741402
2018-06-29 14:00:00,1.0204120133503696,6.01528430790328,5.338398985592029,334.033482175089,35.64729082839351
2018-07-24 14:00:00,0.8637542371542484,5.452002241583494,8.191819006453562,313.9727105755614,30.94458736170259
2018-08-18 14:00:00,1.7620064230099866,9.862132738991152,10.482989255299508,306.62128163908096,15.62579370889922
2018-09-12 14:00:00,1.4315915877608798,7.6471263182281115,9.531433944678675,303.47656267458905,15.531265295079955
2018-10-09 15:00:00,1.8859269275642796,8.565192932662557,12.59523965775225,310.64881963712077,30.285330633797994
2018-11-12 09:00:00,3.136806711450802,12.454429178105189,13.336872885101855,293.31007281401793,11.916141181946918
2018-12-15 12:00:00,4.00036489561642,14.987433379561491,12.751852438405436,301.3878162484979,14.026466757402906
2019-01-17 15:00:00,3.0045217185412527,11.222546895852291,13.112163156546659,305.4044194982237,16.575131519736892
2019-02-20 09:00:00,1.919788514041971,11.230276720681125,11.724030967333082,300.987565898027,15.91339690562027
2019-03-25 12:00:00,2.1498308880170782,8.375437972607207,12.408787149052351,321.47108375602653,26.175915884308
2019-04-21 08:00:00,2.142403881997893,11.145281513734982,14.473698747175641,293.0255405939409,16.523204735609536
2019-05-16 08:00:00,1.59662917884117,8.039169081791878,11.950018321599332,302.3849708187992,38.92491312732962
2019-06-10 08:00:00,1.0213866384582575,7.64580517144788,7.7699585040444665,299.4655775379622,18.461381611208814
2019-07-05 08:00:00,0.7497066366274325,4.960289260110705,4.933832463153276,345.7393620916954,28.884518969854426
2019-07-30 08:00:00,3.6562959925048584,9.164868860041176,10.842635769350482,296.91834065373536,15.910712089321432
2019-08-24 08:00:00,1.2625957335753883,10.017890061590625,10.589178032047826,306.0462495652193,12.781410065120152
2019-09-18 08:00:00,1.4318671499398739,6.367857189349867,5.594427118108621,333.37107919943327,31.808216859272385
2019-10-17 09:00:00,2.477736845581042,10.47170341175188,12.475210419480556,300.30164304190157,12.536525612718066
